name	current	proposed	say	katakana	note
theodore	seodore	seodoa		セオドア	
elijah	erijahu	iraija		イライジャ	
eleanor	ereanoru	erenoa		エレノア	
levi	rebi	rībai|rebi	LEE-vy|LEH-vee	リーヴァイ｜レビ	両読み収録
violet	bioreto	baioreto		バイオレット	
elias	eriasu	iraiasu|eriasu	eye-LY-us|eh-LEE-as	イライアス｜エリアス	両読み収録（英/西）
aurora	aurora	ōrora		オーロラ	
harper	haruperu	hāpā		ハーパー	
sebastian	sebasutian	sebasuchan|sebasutian	suh-BAS-chun|seh-BAS-tee-an	セバスチャン｜セバスティアン	両読み収録
hudson	hudoson	hadoson		ハドソン	
hazel	hazeru	heizeru		ヘイゼル	
ellie	erie	erī		エリー	
cooper	kooperu	kūpā		クーパー	
isla	isura	aira		アイラ	
asher	asheru	ashā		アッシャー	
lainey	rainei	reinī		レイニー	
scarlett	sukareto	sukāreto		スカーレット	normで同一・辞書不要
gianna	giana	jiana|jana	jee-AH-nah|JAH-nah	ジアンナ｜ジャンナ	両読み収録
layla	raira	reira		レイラ	
avery	aberi	eiburī		エイヴリー	
wyatt	uyato	waiato		ワイアット	
ivy	ibi	aibī		アイビー	
jacob	jakobu	jeikobu		ジェイコブ	
willow	wirou	wirō		ウィロー	
miles	miresu	mairuzu		マイルズ	
carter	karuteru	kātā		カーター	
isaac	isaaku	aizaku		アイザック	
riley	rirei	rairī		ライリー	
charles	charesu	chāruzu		チャールズ	
eloise	eroise	eroīzu		エロイーズ	
sadie	sadie	seidi		セイディ	
thiago	siago	tiago		チアゴ	
delilah	derirahu	deraira		デライラ	
wesley	wesurei	wesurī		ウェスリー	
josephine	josefine	josefin		ジョセフィン	
josiah	josiahu	josaia		ジョサイア	
waylon	wairon	weiron		ウェイロン	
isaiah	isaiahu	aizaia		アイザイア	
leah	reahu	ria		リア	
caleb	karebu	keirebu|karebu	KAY-leb|KAH-leb	ケイレブ｜カレブ	両読み収録（英/聖書名）
adeline	aderine	aderain|aderin	AD-uh-line|AD-uh-lin	アデライン｜アデリン	両読み収録
beau	beau	bō		ボー	
iris	irisu	airisu		アイリス	
aiden	aiden	eiden		エイデン	
nathan	nasan	neisan		ネイサン	
brooks	burookusu	burukusu		ブルックス	
alice	arise	arisu		アリス	
genesis	genesisu	jeneshisu		ジェネシス	
paisley	paisurei	peizurī		ペイズリー	
angel	angeru	enjeru|anheru	AIN-jel|AHN-hel	エンジェル｜アンヘル	両読み収録（英/西）
claire	kuraire	kurea		クレア	
zoey	zoei	zōi		ゾーイ	
lincoln	rinkorun	rinkān		リンカーン	
jayden	jaiden	jeiden		ジェイデン	
silas	sirasu	sairasu		サイラス	
millie	mirie	mirī		ミリー	
adrian	adorian	eidorian|adorian	AY-dree-un|AH-dree-ahn	エイドリアン｜アドリアン	両読み収録
daisy	daisi	deijī		デイジー	
maeve	maebe	meibu		メイヴ	
cameron	kameron	kyameron		キャメロン	
ayla	aira	aira		アイラ	normで同一・辞書不要
everett	ebereto	ebereto		エヴェレット	変更なし
walker	warukeru	wōkā		ウォーカー	
axel	akusueru	akuseru		アクセル	
lyla	rira	raira		ライラ	
madeline	maderine	maderin|maderain	MAD-uh-lin|MAD-uh-line	マデリン｜マデライン	両読み収録
august	augusuto	ōgasuto		オーガスト	
josie	josie	joshī		ジョシー	
theo	seo	seo		セオ	変更なし
audrey	audorei	ōdorī		オードリー	
arthur	arusuru	āsā		アーサー	
autumn	autumun	ōtamu		オータム	
jeremiah	jeremiahu	jeremaia		ジェレマイア	
natalie	natarie	natarī		ナタリー	
micah	mikahu	maika		マイカ	
everly	eberi	ebārī		エヴァリー	
kinsley	kinsurei	kinzurī		キンズリー	
jade	jade	jeido		ジェイド	
caroline	karorine	kyarorain		キャロライン	
christian	kurisutian	kurisuchan		クリスチャン	
eithan	eisan	īsan		イーサン	
archer	arucheru	āchā		アーチャー	
georgia	georugia	jōjia		ジョージア	
juniper	juniperu	junipā		ジュニパー	
myles	miresu	mairuzu		マイルズ	
aaliyah	aariyahu	arīya		アリーヤ	
margot	marugoto	māgo		マーゴ	
parker	parukeru	pākā		パーカー	
hailey	hairei	heirī		ヘイリー	
eli	eri	īrai		イーライ	
amir	amiru	amīru		アミール	normで同一・辞書不要
xavier	kusuabieru	zeibia|eguzeibia	ZAY-vee-er|ig-ZAY-vee-er	ゼイビア｜エグゼイビア	両読み収録（ザビエル案は取下げ・英語発音優先）
athena	asena	atena|ashina	ah-TEH-nah|uh-THEE-nuh	アテナ｜アシーナ	両読み収録
juliette	juriete	jurieto		ジュリエット	
easton	easuton	īsuton		イーストン	
river	riberu	ribā		リバー	
margaret	marugareto	māgareto		マーガレット	
nicholas	nichorasu	nikorasu		ニコラス	ch=k音
cora	kora	kōra		コーラ	normで同一・辞書不要
austin	ausutin	ōsutin		オースティン	
rose	rose	rōzu		ローズ	
jace	jase	jeisu		ジェイス	
eliza	eriza	iraiza		イライザ	
jaxon	jakusuon	jakuson		ジャクソン	
raelynn	raerin	reirin		レイリン	
brooklyn	burookurin	burukurin		ブルックリン	
callum	karumu	karamu		カラム	
esther	eseru	esutā		エスター	
milo	miro	mairo		マイロ	
hallie	harie	harī		ハリー	
graham	gurahamu	gureamu|gurahamu	GRAY-um|GRAH-ham	グレアム｜グラハム	両読み収録
hadley	hadorei	hadorī		ハドリー	
emerson	emeruson	emāson		エマーソン	
sawyer	sauyeru	sōyā		ソーヤー	
elsie	erusie	erushī		エルシー	
giovanni	giobani	jobani		ジョバンニ	
carson	karuson	kāson		カーソン	
dean	dean	dīn		ディーン	
scottie	sukotie	sukoti		スコッティ	
valerie	barerie	barerī		ヴァレリー	
jonah	jonahu	jona		ジョナ	
jasper	jasuperu	jasupā		ジャスパー	
hunter	hunteru	hantā		ハンター	
jordan	jorudan	jōdan		ジョーダン	
charlie	charie	chārī		チャーリー	
ryder	rideru	raidā		ライダー	
malachi	marachi	marakai		マラカイ	ch=k音
savannah	sabanahu	sabana		サバンナ	
kayden	kaiden	keiden		ケイデン	
stetson	sutetson	sutetoson		ステットソン	
rylee	riree	rairī		ライリー	
jameson	jameson	jeimuson		ジェイムソン	
emersyn	emerusin	emāshin		エマーシン	
nathaniel	nasanieru	nasanieru		ナサニエル	変更なし
sloane	suroane	surōn		スローン	
melanie	meranie	meranī		メラニー	
zion	zion	zaion		ザイオン	
brielle	buriere	burieru		ブリエル	
dawson	dauson	dōson		ドーソン	
aubrey	auburei	ōburī		オーブリー	
evangeline	ebangerine	ebanjerin		エヴァンジェリン	
genevieve	genebiebe	jenebību		ジェネヴィーヴ	
kehlani	kehurani	kerāni		ケラーニ	
june	june	jūn		ジューン	
summer	sumeru	samā		サマー	
oaklynn	oakurin	ōkurin		オークリン	
ember	emuberu	enbā		エンバー	
piper	piperu	paipā		パイパー	
jude	jude	jūdo		ジュード	
oakley	oakurei	ōkurī		オークリー	
jaxson	jakususon	jakuson		ジャクソン	
phoebe	foebe	fībī		フィービー	
colter	koruteru	korutā		コルター	
arya	aruya	āria		アーリア	
wrenley	urenrei	renrī		レンリー	
sage	sage	seiji		セージ	
hayden	haiden	heiden		ヘイデン	
hayes	hayesu	heizu		ヘイズ	
ashley	asurei	ashurī		アシュリー	
ace	ase	ēsu		エース	
nevaeh	nebaehu	nebeia		ネヴェイア	
jason	jason	jeison		ジェイソン	
isabelle	isabere	izaberu		イザベル	
connor	konoru	konā		コナー	
skylar	sukiraru	sukairā		スカイラー	
jayce	jaise	jeisu		ジェイス	
beckham	bekuhamu	bekamu		ベッカム	
blair	burairu	burea		ブレア	
gemma	gema	jema		ジェマ	
rosalie	rosarie	rōzarī		ローザリー	
vivienne	bibiene	bibienu		ヴィヴィエンヌ	
ruth	rusu	rūsu		ルース	normで同一・辞書不要
jesus	jesusu	hesusu|jizasu	hay-SOOS|JEE-zus	ヘスス｜ジーザス	両読み収録（西/英）
callie	karie	kyarī		キャリー	
freya	fureya	fureiya		フレイヤ	
isabel	isaberu	izaberu		イザベル	
daphne	dafune	dafune		ダフネ	変更なし
judah	judahu	jūda		ジューダ	
lilah	rirahu	raira		ライラ	
sutton	suton	saton		サットン	
tucker	tukeru	takā		タッカー	
annie	anie	anī		アニー	
cole	kore	kōru		コール	
ximena	kusuimena	himena		ヒメナ	
ryker	rikeru	raikā		ライカー	
jesse	jese	jeshī		ジェシー	
katherine	kaserine	kyasarin		キャサリン	
lila	rira	raira		ライラ	
peter	peteru	pītā		ピーター	
rhett	ruheto	reto		レット	
tatum	tatumu	teitamu		テイタム	
haven	haben	heibun		ヘイヴン	
blakely	burakeri	bureikurī		ブレイクリー	
reese	reese	rīsu		リース	
chase	chase	cheisu		チェイス	
legend	regendo	rejendo		レジェンド	
everleigh	ebereiguhu	ebārī		エヴァーリー	
tate	tate	teito		テイト	
alejandro	arejandoro	arehandoro		アレハンドロ	
molly	mori	morī		モリー	normで同一・辞書不要
knox	kunokusu	nokusu		ノックス	
olive	oribe	orību		オリーブ	
ashton	asuton	ashuton		アシュトン	
peyton	peiton	peiton		ペイトン	変更なし
mabel	maberu	meiberu		メイベル	
caden	kaden	keiden		ケイデン	
noelle	noere	noeru		ノエル	
stevie	sutebie	sutībī		スティービー	
timothy	timosi	timoshī		ティモシー	音は同一（si=shi）・表記統一
kylie	kirie	kairī		カイリー	
celine	serine	serīnu		セリーヌ	
messiah	mesiahu	mesaia		メサイア	
adaline	adarine	adarain|adarin	AD-uh-line|AD-uh-lin	アダライン｜アダリン	両読み収録
bailey	bairei	beirī		ベイリー	
abraham	aburahamu	eiburahamu|aburahamu	AY-bruh-ham|AH-brah-ham	エイブラハム｜アブラハム	両読み収録（英/聖書名）
myla	mira	maira		マイラ	
victor	bikutoru	bikutā|bikutoru	VIK-ter|VEEK-tor	ビクター｜ビクトル	両読み収録
miguel	migueru	migeru		ミゲル	
malakai	marakai	marakai		マラカイ	変更なし
zayden	zaiden	zeiden		ゼイデン	
dahlia	dahuria	daria		ダリア	
bentley	bentorei	bentorē		ベントレー	
selah	serahu	sera		セラ	
zachary	zachari	zakarī		ザカリー	ch=k音
saylor	sairoru	seirā		セイラー	
baker	bakeru	beikā		ベイカー	
tyler	tireru	tairā		タイラー	
jane	jane	jēn		ジェーン	
elise	erise	erīsu|erīze	uh-LEES|ay-LEE-zuh	エリース｜エリーゼ	両読み収録
oscar	osukaru	osukā		オスカー	
alaina	araina	areina		アレイナ	
presley	puresurei	puresurī		プレスリー	
cohen	kohen	kōen		コーエン	
gracie	gurasie	gureishī		グレイシー	
callahan	karahan	kyarahan		キャラハン	
mackenzie	makenzie	makenjī		マッケンジー	
brayden	buraiden	bureiden		ブレイデン	
simon	simon	saimon		サイモン	
wren	uren	ren		レン	
abel	aberu	eiberu|aberu	AY-bel|AH-bel	エイベル｜アベル	両読み収録・第1=米国多数派
palmer	parumeru	pāmā		パーマー	
maisie	maisie	meijī		メイジー	
justin	jusutin	jasutin		ジャスティン	
richard	richarudo	richādo		リチャード	
nyla	nira	naira		ナイラ	
alexandra	arekusuandora	arekusandora		アレクサンドラ	
kaiden	kaiden	keiden|kaiden	KAY-den|KY-den	ケイデン｜カイデン	両読み収録
ada	ada	eida		エイダ	
eden	(gen)	īden|eden	EE-den|EH-den	イーデン｜エデン	両読み収録（新規行）
lucia	(gen)	rusia|ruchia	loo-SEE-ah|LOO-chah	ルシア｜ルチア	両読み収録（新規行・第1=現状同一）
